﻿<?xml version="1.0" encoding="utf-8"?>
<Defs>

	<RecipeDef>
    <defName>Make_MTB_Cloth</defName>
    <label>make thorium fabric 20x</label>
    <description>Sew thorium into a durable fabric.</description>
    <jobString>Making thorium fabric.</jobString>
    <workSpeedStat>TailoringSpeed</workSpeedStat>
    <effectWorking>Cook</effectWorking>
    <soundWorking>Recipe_Cremate</soundWorking>
    <workAmount>2000</workAmount>
		<recipeUsers>
 		<li>TableMachining</li>
 	</recipeUsers>
      <researchPrerequisite>MTB_Clothes</researchPrerequisite>
    <ingredients>
      <li>
        <filter>
          <thingDefs>
            <li>Steel</li>
          </thingDefs>
        </filter>
        <count>5</count>
      </li>
		<li>
        <filter>
          <thingDefs>
            <li>MTB_Thorium</li>
          </thingDefs>
        </filter>
        <count>9</count>
      </li>
      <li>
        <filter>
          <thingDefs>
            <li>Cloth</li>
          </thingDefs>
        </filter>
        <count>25</count>
      </li>
    </ingredients>
    
    <products>
      <MTB_Cloth>20</MTB_Cloth>
    </products>
		<skillRequirements>
			<Crafting>5</Crafting>
		</skillRequirements>
    <workSkill>Crafting</workSkill>
  </RecipeDef>
	
	<RecipeDef>
    <defName>Make_MTB_Clothmore</defName>
    <label>make thorium fabric 100x</label>
    <description>Sew thorium into a durable fabric.</description>
    <jobString>Making thorium fabric.</jobString>
    <workSpeedStat>TailoringSpeed</workSpeedStat>
    <effectWorking>Cook</effectWorking>
    <soundWorking>Recipe_Cremate</soundWorking>
    <workAmount>2000</workAmount>
		<recipeUsers>
 		<li>TableMachining</li>
 	</recipeUsers>
      <researchPrerequisite>MTB_Clothes</researchPrerequisite>
    <ingredients>
      <li>
        <filter>
          <thingDefs>
            <li>Steel</li>
          </thingDefs>
        </filter>
        <count>25</count>
      </li>
		<li>
        <filter>
          <thingDefs>
            <li>MTB_Thorium</li>
          </thingDefs>
        </filter>
        <count>35</count>
      </li>
      <li>
        <filter>
          <thingDefs>
            <li>Cloth</li>
          </thingDefs>
        </filter>
        <count>115</count>
      </li>
    </ingredients>
    
    <products>
      <MTB_Cloth>100</MTB_Cloth>
    </products>
		<skillRequirements>
			<Crafting>5</Crafting>
		</skillRequirements>
    <workSkill>Crafting</workSkill>
  </RecipeDef>

<RecipeDef>
    <defName>Make_MTB_Alloy</defName>
    <label>smelt thorium into thorium alloy</label>
    <description>Make a thorium alloy.</description>
    <jobString>Smelting thorium into thorium alloy.</jobString>
    <workSpeedStat>SmeltingSpeed</workSpeedStat>
    <effectWorking>Smelt</effectWorking>
    <soundWorking>Recipe_Smelt</soundWorking>
    <workAmount>3500</workAmount>
		<recipeUsers>
 		<li>ElectricSmelter</li>
 	</recipeUsers>
      <researchPrerequisite>MTB_Research</researchPrerequisite>
    <ingredients>
      <li>
        <filter>
          <thingDefs>
            <li>Plasteel</li>
          </thingDefs>
        </filter>
        <count>15</count>
      </li>
		<li>
        <filter>
          <thingDefs>
            <li>MTB_Thorium</li>
          </thingDefs>
        </filter>
        <count>65</count>
      </li>
    </ingredients>
    
    <products>
      <MTB_Alloy>100</MTB_Alloy>
    </products>
		<skillRequirements>
			<Crafting>6</Crafting>
		</skillRequirements>
    <workSkill>Crafting</workSkill>
  </RecipeDef>

</Defs>