﻿<?xml version="1.0" encoding="utf-8" ?>
<Defs>
	
	<RecipeDef Name="MTB_Surgery" ParentName="SurgeryFlesh" Abstract="True">
		<surgerySuccessChanceFactor>0.90</surgerySuccessChanceFactor>
		<deathOnFailedSurgeryChance>0.01</deathOnFailedSurgeryChance>
		<recipeUsers>
			<li>Human</li>
		</recipeUsers>
		<dontShowIfAnyIngredientMissing>true</dontShowIfAnyIngredientMissing>
	</RecipeDef>
	
  <RecipeDef ParentName="MTB_Surgery">
    <defName>InstallThoriumArm</defName>
    <label>install thorium arm</label>
    <description>Install a thorium arm.</description>
    <workerClass>Recipe_InstallArtificialBodyPart</workerClass>
    <jobString>Installing thorium arm.</jobString>
    <workAmount>2500</workAmount>
    <skillRequirements>
      <Medicine>5</Medicine>
    </skillRequirements>
    <ingredients>
      <li>
        <filter>
          <categories>
            <li>Medicine</li>
          </categories>
        </filter>
        <count>2</count>
      </li>
      <li>
        <filter>
          <thingDefs>
            <li>MTB_Arm</li>
          </thingDefs>
        </filter>
        <count>1</count>
      </li>
    </ingredients>
    <fixedIngredientFilter>
      <categories>
        <li>Medicine</li>
      </categories>
      <thingDefs>
        <li>MTB_Arm</li>
      </thingDefs>
    </fixedIngredientFilter>
    <appliedOnFixedBodyParts>
      <li>Shoulder</li>
    </appliedOnFixedBodyParts>
    <addsHediff>MTB_Arm</addsHediff>
  </RecipeDef>

  <RecipeDef ParentName="MTB_Surgery">
    <defName>InstallThoriumLeg</defName>
    <label>install thorium leg</label>
    <description>Install a thorium leg.</description>
    <workerClass>Recipe_InstallArtificialBodyPart</workerClass>
    <jobString>Installing thorium leg.</jobString>
    <workAmount>2500</workAmount>
    <skillRequirements>
      <Medicine>5</Medicine>
    </skillRequirements>
    <ingredients>
      <li>
        <filter>
          <categories>
            <li>Medicine</li>
          </categories>
        </filter>
        <count>2</count>
      </li>
      <li>
        <filter>
          <thingDefs>
            <li>MTB_Leg</li>
          </thingDefs>
        </filter>
        <count>1</count>
      </li>
    </ingredients>
    <fixedIngredientFilter>
      <categories>
        <li>Medicine</li>
      </categories>
      <thingDefs>
        <li>MTB_Leg</li>
      </thingDefs>
    </fixedIngredientFilter>
    <appliedOnFixedBodyParts>
      <li>Leg</li>
    </appliedOnFixedBodyParts>
    <addsHediff>MTB_Leg</addsHediff>
  </RecipeDef>

  <RecipeDef ParentName="MTB_Surgery">
    <defName>InstallThoriumSpine</defName>
    <label>install thorium spine</label>
    <description>Install a thorium spine.</description>
    <workerClass>Recipe_InstallArtificialBodyPart</workerClass>
    <jobString>Installing thorium spine.</jobString>
    <workAmount>3000</workAmount>
    <skillRequirements>
      <Medicine>5</Medicine>
    </skillRequirements>
    <ingredients>
      <li>
        <filter>
          <categories>
            <li>Medicine</li>
          </categories>
        </filter>
        <count>2</count>
      </li>
      <li>
        <filter>
          <thingDefs>
            <li>MTB_Spine</li>
          </thingDefs>
        </filter>
        <count>1</count>
      </li>
    </ingredients>
    <fixedIngredientFilter>
      <categories>
        <li>Medicine</li>
      </categories>
      <thingDefs>
        <li>MTB_Spine</li>
      </thingDefs>
    </fixedIngredientFilter>
    <appliedOnFixedBodyParts>
      <li>Spine</li>
    </appliedOnFixedBodyParts>
    <addsHediff>MTB_Spine</addsHediff>
  </RecipeDef>

  <RecipeDef ParentName="MTB_Surgery">
    <defName>InstallThoriumEar</defName>
    <label>install thorium ear</label>
    <description>Install a thorium ear.</description>
    <workerClass>Recipe_InstallArtificialBodyPart</workerClass>
    <jobString>Installing thorium ear.</jobString>
    <workAmount>2000</workAmount>
    <skillRequirements>
      <Medicine>5</Medicine>
    </skillRequirements>
    <ingredients>
      <li>
        <filter>
          <categories>
            <li>Medicine</li>
          </categories>
        </filter>
        <count>2</count>
      </li>
      <li>
        <filter>
          <thingDefs>
            <li>MTB_Ear</li>
          </thingDefs>
        </filter>
        <count>1</count>
      </li>
    </ingredients>
    <fixedIngredientFilter>
      <categories>
        <li>Medicine</li>
      </categories>
      <thingDefs>
        <li>MTB_Ear</li>
      </thingDefs>
    </fixedIngredientFilter>
    <appliedOnFixedBodyParts>
      <li>Ear</li>
    </appliedOnFixedBodyParts>
    <addsHediff>MTB_Ear</addsHediff>
  </RecipeDef>

  <RecipeDef ParentName="MTB_Surgery">
    <defName>InstallThoriumEye</defName>
    <label>install thorium eye</label>
    <description>Install a thorium eye.</description>
    <workerClass>Recipe_InstallArtificialBodyPart</workerClass>
    <jobString>Installing thorium eye.</jobString>
    <workAmount>2000</workAmount>
    <skillRequirements>
      <Medicine>5</Medicine>
    </skillRequirements>
    <ingredients>
      <li>
        <filter>
          <categories>
            <li>Medicine</li>
          </categories>
        </filter>
        <count>3</count>
      </li>
      <li>
        <filter>
          <thingDefs>
            <li>MTB_Eye</li>
          </thingDefs>
        </filter>
        <count>1</count>
      </li>
    </ingredients>
    <fixedIngredientFilter>
      <categories>
        <li>Medicine</li>
      </categories>
      <thingDefs>
        <li>MTB_Eye</li>
      </thingDefs>
    </fixedIngredientFilter>
    <appliedOnFixedBodyParts>
      <li>Eye</li>
    </appliedOnFixedBodyParts>
    <addsHediff>MTB_Eye</addsHediff>
  </RecipeDef>

<RecipeDef ParentName="MTB_Surgery">
    <defName>InstallThoriumStomach</defName>
    <label>install thorium stomach</label>
    <description>Install a thorium stomach.</description>
    <workerClass>Recipe_InstallArtificialBodyPart</workerClass>
    <jobString>Installing thorium stomach.</jobString>
    <workAmount>2000</workAmount>
    <skillRequirements>
      <Medicine>5</Medicine>
    </skillRequirements>
    <ingredients>
      <li>
        <filter>
          <categories>
            <li>Medicine</li>
          </categories>
        </filter>
        <count>2</count>
      </li>
      <li>
        <filter>
          <thingDefs>
            <li>MTB_Stomach</li>
          </thingDefs>
        </filter>
        <count>1</count>
      </li>
    </ingredients>
    <fixedIngredientFilter>
      <categories>
        <li>Medicine</li>
      </categories>
      <thingDefs>
        <li>MTB_Stomach</li>
      </thingDefs>
    </fixedIngredientFilter>
    <appliedOnFixedBodyParts>
      <li>Stomach</li>
    </appliedOnFixedBodyParts>
    <addsHediff>MTB_Stomach</addsHediff>
  </RecipeDef>

<RecipeDef ParentName="MTB_Surgery">
    <defName>InstallThoriumHeart</defName>
    <label>install thorium heart</label>
    <description>Install a thorium heart.</description>
    <workerClass>Recipe_InstallArtificialBodyPart</workerClass>
    <jobString>Installing thorium heart.</jobString>
    <workAmount>2000</workAmount>
    <skillRequirements>
      <Medicine>5</Medicine>
    </skillRequirements>
    <ingredients>
      <li>
        <filter>
          <categories>
            <li>Medicine</li>
          </categories>
        </filter>
        <count>2</count>
      </li>
      <li>
        <filter>
          <thingDefs>
            <li>MTB_Heart</li>
          </thingDefs>
        </filter>
        <count>1</count>
      </li>
    </ingredients>
    <fixedIngredientFilter>
      <categories>
        <li>Medicine</li>
      </categories>
      <thingDefs>
        <li>MTB_Heart</li>
      </thingDefs>
    </fixedIngredientFilter>
    <appliedOnFixedBodyParts>
      <li>Heart</li>
    </appliedOnFixedBodyParts>
    <addsHediff>MTB_Heart</addsHediff>
  </RecipeDef>

<RecipeDef ParentName="MTB_Surgery">
    <defName>InstallThoriumPowerClaw</defName>
    <label>install thorium mantis blade</label>
    <description>Install a thorium mantis blade.</description>
    <workerClass>Recipe_InstallArtificialBodyPart</workerClass>
    <jobString>Installing thorium mantis blade.</jobString>
    <workAmount>2000</workAmount>
    <skillRequirements>
      <Medicine>5</Medicine>
    </skillRequirements>
    <ingredients>
      <li>
        <filter>
          <categories>
            <li>Medicine</li>
          </categories>
        </filter>
        <count>2</count>
      </li>
      <li>
        <filter>
          <thingDefs>
            <li>MTB_PowerClaw</li>
          </thingDefs>
        </filter>
        <count>1</count>
      </li>
    </ingredients>
    <fixedIngredientFilter>
      <categories>
        <li>Medicine</li>
      </categories>
      <thingDefs>
        <li>MTB_PowerClaw</li>
      </thingDefs>
    </fixedIngredientFilter>
    <appliedOnFixedBodyParts>
      <li>Shoulder</li>
    </appliedOnFixedBodyParts>
    <addsHediff>MTB_PowerClaw</addsHediff>
  </RecipeDef>

<RecipeDef ParentName="MTB_Surgery">
    <defName>InstallThoriumArchotechEye</defName>
    <label>install thorium Archotech eye</label>
    <description>Install a thorium Archotech eye.</description>
    <workerClass>Recipe_InstallArtificialBodyPart</workerClass>
    <jobString>Installing thorium Archotech eye.</jobString>
    <workAmount>2000</workAmount>
    <skillRequirements>
      <Medicine>5</Medicine>
    </skillRequirements>
    <ingredients>
      <li>
        <filter>
          <categories>
            <li>Medicine</li>
          </categories>
        </filter>
        <count>3</count>
      </li>
      <li>
        <filter>
          <thingDefs>
            <li>MTB_ArchotechEye</li>
          </thingDefs>
        </filter>
        <count>1</count>
      </li>
    </ingredients>
    <fixedIngredientFilter>
      <categories>
        <li>Medicine</li>
      </categories>
      <thingDefs>
        <li>MTB_ArchotechEye</li>
      </thingDefs>
    </fixedIngredientFilter>
    <appliedOnFixedBodyParts>
      <li>Eye</li>
    </appliedOnFixedBodyParts>
    <addsHediff>MTB_ArchotechEye</addsHediff>
  </RecipeDef>

  <RecipeDef ParentName="MTB_Surgery">
    <defName>InstallThoriumArchotechArm</defName>
    <label>install thorium Archotech arm</label>
    <description>Install a thorium Archotech arm.</description>
    <workerClass>Recipe_InstallArtificialBodyPart</workerClass>
    <jobString>Installing thorium Archotech arm.</jobString>
    <workAmount>2500</workAmount>
    <skillRequirements>
      <Medicine>5</Medicine>
    </skillRequirements>
    <ingredients>
      <li>
        <filter>
          <categories>
            <li>Medicine</li>
          </categories>
        </filter>
        <count>2</count>
      </li>
      <li>
        <filter>
          <thingDefs>
            <li>MTB_ArchotechArm</li>
          </thingDefs>
        </filter>
        <count>1</count>
      </li>
    </ingredients>
    <fixedIngredientFilter>
      <categories>
        <li>Medicine</li>
      </categories>
      <thingDefs>
        <li>MTB_ArchotechArm</li>
      </thingDefs>
    </fixedIngredientFilter>
    <appliedOnFixedBodyParts>
      <li>Shoulder</li>
    </appliedOnFixedBodyParts>
    <addsHediff>MTB_ArchotechArm</addsHediff>
  </RecipeDef>

  <RecipeDef ParentName="MTB_Surgery">
    <defName>InstallThoriumhoArchotechLeg</defName>
    <label>install thorium Archotech leg</label>
    <description>Install a thorium Archotech leg.</description>
    <workerClass>Recipe_InstallArtificialBodyPart</workerClass>
    <jobString>Installing thorium Archotech leg.</jobString>
    <workAmount>2500</workAmount>
    <skillRequirements>
      <Medicine>5</Medicine>
    </skillRequirements>
    <ingredients>
      <li>
        <filter>
          <categories>
            <li>Medicine</li>
          </categories>
        </filter>
        <count>2</count>
      </li>
      <li>
        <filter>
          <thingDefs>
            <li>MTB_ArchotechLeg</li>
          </thingDefs>
        </filter>
        <count>1</count>
      </li>
    </ingredients>
    <fixedIngredientFilter>
      <categories>
        <li>Medicine</li>
      </categories>
      <thingDefs>
        <li>MTB_ArchotechLeg</li>
      </thingDefs>
    </fixedIngredientFilter>
    <appliedOnFixedBodyParts>
      <li>Leg</li>
    </appliedOnFixedBodyParts>
    <addsHediff>MTB_ArchotechLeg</addsHediff>
  </RecipeDef>

</Defs>
