﻿<?xml version="1.0" encoding="utf-8" ?>
<Defs>

	<FactionDef>
		<defName>MTB_Friendly</defName>
		<label>Thorium Brotherhood</label>
  		<description>Peaceful part of the Thorium Brotherhood.</description>
		<settlementGenerationWeight>0.8</settlementGenerationWeight>
		<requiredCountAtGameStart>1</requiredCountAtGameStart>
		<earliestRaidDays>0</earliestRaidDays>
		<canMakeRandomly>True</canMakeRandomly>
		<autoFlee>false</autoFlee>
		<canSiege>false</canSiege>
		<canStageAttacks>true</canStageAttacks>
		<leaderTitle>prime councillor</leaderTitle>
		<permanentEnemy>false</permanentEnemy>
		<expandingIconTexture>World/WorldObjects/Expanding/Town</expandingIconTexture>
		<colorSpectrum>
			<li>(53, 131, 103)</li>
		</colorSpectrum>
		<startingGoodwill>
			<min>10</min>
			<max>50</max>
		</startingGoodwill>
		<fixedName>Thorium Brotherhood</fixedName>
		<settlementNameMaker>NamerSettlementOutlander</settlementNameMaker>
		<techLevel>Ultra</techLevel>
		<backstoryCategories>
			<li>Civil</li>
		</backstoryCategories>
		<hairTags>
			<li>Urban</li>
		</hairTags>
		<naturalColonyGoodwill>
			<min>-10</min>
			<max>60</max>
		</naturalColonyGoodwill>
		<caravanTraderKinds>
			<li>Caravan_Outlander_BulkGoods</li>
			<li>Caravan_Outlander_CombatSupplier</li>
			<li>Caravan_Outlander_Exotic</li>
		</caravanTraderKinds>
		<visitorTraderKinds>
			<li>MTB_Trader_Base</li>
		</visitorTraderKinds>
		<baseTraderKinds>
			<li>MTB_Trader_Base</li>
		</baseTraderKinds>
		<allowedArrivalTemperatureRange>
			<min>-75</min>
			<max>60</max>
		</allowedArrivalTemperatureRange>
		<maxPawnCostPerTotalPointsCurve>
			<points>
				<li>(0,35)</li>
				<li>(70, 50)</li>
				<li>(700, 100)</li>
				<li>(1300, 150)</li>
				<li>(100000, 10000)</li>
				<li>(1000000, 100000)</li>
				<li>(10000000, 1000000)</li>
				<li>(100000000, 10000000)</li>
				<li>(1000000000, 100000000)</li>
				<li>(10000000000, 1000000000)</li>
			</points>
		</maxPawnCostPerTotalPointsCurve>
		
		<pawnGroupMakers>
      <li>
        <kindDef>Combat</kindDef>
        <options>
			<MTB_Villager>5</MTB_Villager>
			<MTB_Town_Guard>10</MTB_Town_Guard>
			<MTB_Grenadier_Destructive>1.5</MTB_Grenadier_Destructive>
			<MTB_Mercenary_Slasher>7</MTB_Mercenary_Slasher>
			<MTB_Mercenary_Gunner>10</MTB_Mercenary_Gunner>
			<MTB_Mercenary_Elite>10</MTB_Mercenary_Elite>
			<MTB_Town_Councilman>10</MTB_Town_Councilman>
        </options>
      </li>
      <li>
        <kindDef>Peaceful</kindDef>
        <options>
          	<MTB_Villager>20</MTB_Villager>
          	<MTB_Town_Guard>10</MTB_Town_Guard>
          	<MTB_Town_Councilman>10</MTB_Town_Councilman>
        </options>
      </li>
      <li>
        <kindDef>Trader</kindDef>
        <traders>
          	<MTB_Town_Trader>1</MTB_Town_Trader>
        </traders>
        <carriers>
          <Muffalo>25</Muffalo>
        </carriers>
        <guards>
          	<MTB_Villager>3</MTB_Villager>
          	<MTB_Town_Guard>10</MTB_Town_Guard>
          	<MTB_Grenadier_Destructive>1.5</MTB_Grenadier_Destructive>
          	<MTB_Mercenary_Slasher>7</MTB_Mercenary_Slasher>
          	<MTB_Mercenary_Gunner>10</MTB_Mercenary_Gunner>
			<MTB_Mercenary_Elite>10</MTB_Mercenary_Elite>
				</guards>
      </li>
      <li>
        <kindDef>Settlement</kindDef>
        <options>
			<MTB_Villager>10</MTB_Villager>
          	<MTB_Town_Guard>10</MTB_Town_Guard>
         	<MTB_Grenadier_Destructive>1.5</MTB_Grenadier_Destructive>
			<MTB_Mercenary_Slasher>7</MTB_Mercenary_Slasher>
          	<MTB_Mercenary_Gunner>10</MTB_Mercenary_Gunner>
          	<MTB_Mercenary_Elite>10</MTB_Mercenary_Elite>
          	<MTB_Town_Councilman>10</MTB_Town_Councilman>
        </options>
      </li>
    </pawnGroupMakers>

    <homeIconPath>World/WorldObjects/DefaultSettlement</homeIconPath>
  </FactionDef>

</Defs>